Symbol,Type,Trade date and time,Option Expiration Date,Option Strike,Option Call/Put,Shares/Contracts,Price/Prem,Fees & Commissions,Notes,Option Action,Action Fees & Commissions,Action Date and time,Expired Contracts,Assigned/Called Away/Exercised Shares,Action Notes,SCHEDULE_NAME,Short Leg Mid,Delta

SPX,,2026-06-16 09:33,2026-08-31,7425,Put,2,131.60,2.68,Lower Wing,,,,,,,SPX-PBW-55-35,,
SPX,,2026-06-16 09:33,2026-08-31,7480,Put,-4,147.20,5.36,Body,,,,,,,SPX-PBW-55-35,,0.3877
SPX,,2026-06-16 09:33,2026-08-31,7515,Put,2,158.25,2.68,Upper Wing,,,,,,,SPX-PBW-55-35,,
NDX,,2026-06-16 13:20,2026-06-16,29680,Put,-1,2.12,1.80,Bull-Put - Short,,,,,,,NDX-50BPS,2.10,0.0196
NDX,,2026-06-16 13:20,2026-06-16,29630,Put,1,1.82,1.80,Bull-Put - Long,,,,,,,NDX-50BPS,,
NDX,,2026-06-18 13:21,2026-06-18,29950,Put,-1,2.55,1.80,Bull-Put - Short,,,,,,,NDX-50BPS,2.40,0.0248
NDX,,2026-06-18 13:21,2026-06-18,29900,Put,1,2.10,1.80,Bull-Put - Long,,,,,,,NDX-50BPS,,
SPX,,2026-06-22 09:45,2026-06-26,7500,Put,-4,39.15,5.76,Bull-Put - Short,,,,,,,SPX-FFBPS,39.00,0.4444
SPX,,2026-06-22 09:45,2026-06-26,7490,Put,4,35.75,5.76,Bull-Put - Long,,,,,,,SPX-FFBPS,,
NDX,,2026-06-22 13:21,2026-06-22,29910,Put,-1,2.60,1.80,Bull-Put - Short,,,,,,,NDX-50BPS,2.42,0.0272
NDX,,2026-06-22 13:21,2026-06-22,29860,Put,1,2.00,1.80,Bull-Put - Long,,,,,,,NDX-50BPS,,
SPX,,2026-06-23 09:33,2026-08-31,7230,Put,2,148.09,2.68,Lower Wing,,,,,,,SPX-PBW-55-35,,
SPX,,2026-06-23 09:33,2026-08-31,7285,Put,-4,163.96,5.36,Body,,,,,,,SPX-PBW-55-35,,0.4012
SPX,,2026-06-23 09:33,2026-08-31,7320,Put,2,175.13,2.68,Upper Wing,,,,,,,SPX-PBW-55-35,,
NDX,,2026-06-23 13:21,2026-06-23,29050,Put,-1,2.20,1.80,Bull-Put - Short,,,,,,,NDX-50BPS,2.35,0.0224
NDX,,2026-06-23 13:21,2026-06-23,29000,Put,1,1.75,1.80,Bull-Put - Long,,,,,,,NDX-50BPS,,
NDX,,2026-06-24 13:21,2026-06-24,28600,Put,-1,3.85,1.80,Bull-Put - Short,,,,,,,NDX-50BPS,3.80,0.0354
NDX,,2026-06-24 13:21,2026-06-24,28550,Put,1,3.25,1.80,Bull-Put - Long,,,,,,,NDX-50BPS,,
NDX,,2026-06-26 13:20,2026-06-26,28780,Put,-1,2.47,1.80,Bull-Put - Short,,,,,,,NDX-50BPS,2.47,0.0249
NDX,,2026-06-26 13:20,2026-06-26,28730,Put,1,2.05,1.80,Bull-Put - Long,,,,,,,NDX-50BPS,,
NDX,,2026-06-29 13:21,2026-06-29,29120,Put,-1,2.84,1.80,Bull-Put - Short,,,,,,,NDX-50BPS,2.90,0.0256
NDX,,2026-06-29 13:21,2026-06-29,29070,Put,1,2.48,1.80,Bull-Put - Long,,,,,,,NDX-50BPS,,
SPX,,2026-06-30 09:33,2026-09-18,7310,Put,2,146.29,2.68,Lower Wing,,,,,,,SPX-PBW-55-35,,
SPX,,2026-06-30 09:33,2026-09-18,7365,Put,-4,161.91,5.36,Body,,,,,,,SPX-PBW-55-35,,0.3910
SPX,,2026-06-30 09:33,2026-09-18,7400,Put,2,172.88,2.68,Upper Wing,,,,,,,SPX-PBW-55-35,,
NDX,,2026-07-01 13:21,2026-07-01,29550,Put,-1,1.55,1.78,Bull-Put - Short,,,,,,,NDX-50BPS,1.62,0.0249
NDX,,2026-07-01 13:21,2026-07-01,29500,Put,1,1.25,1.78,Bull-Put - Long,,,,,,,NDX-50BPS,,
NDX,,2026-07-06 13:21,2026-07-06,29370,Put,-1,2.03,1.78,Bull-Put - Short,,,,,,,NDX-50BPS,1.98,0.0250
NDX,,2026-07-06 13:21,2026-07-06,29320,Put,1,1.67,1.78,Bull-Put - Long,,,,,,,NDX-50BPS,,
SPX,,2026-07-07 09:39,2026-09-18,7390,Put,2,130.23,2.66,Lower Wing,,,,,,,SPX-PBW-55-35,,
SPX,,2026-07-07 09:39,2026-09-18,7445,Put,-4,145.83,5.32,Body,,,,,,,SPX-PBW-55-35,,0.3793
SPX,,2026-07-07 09:39,2026-09-18,7480,Put,2,156.93,2.66,Upper Wing,,,,,,,SPX-PBW-55-35,,
NDX,,2026-07-07 13:25,2026-07-07,28930,Put,-1,2.10,1.78,Bull-Put - Short,,,,,,,NDX-50BPS,2.27,0.0338
NDX,,2026-07-07 13:25,2026-07-07,28880,Put,1,1.74,1.78,Bull-Put - Long,,,,,,,NDX-50BPS,,
NDX,,2026-07-09 13:24,2026-07-09,29390,Put,-1,1.91,1.78,Bull-Put - Short,,,,,,,NDX-50BPS,2.08,0.0294
NDX,,2026-07-09 13:24,2026-07-09,29340,Put,1,1.55,1.78,Bull-Put - Long,,,,,,,NDX-50BPS,,
SPX,,2026-07-09 14:15,2026-07-09,7540,Put,-1,2.32,1.63,Bull-Put - Short,,,,,,,SPX-10BPS,2.77,0.3683
SPX,,2026-07-09 14:15,2026-07-09,7530,Put,1,0.97,1.54,Bull-Put - Long,,,,,,,SPX-10BPS,,
NDX,,2026-07-10 13:22,2026-07-10,29490,Put,-1,2.16,1.78,Bull-Put - Short,,,,,,,NDX-50BPS,2.20,0.0311
NDX,,2026-07-10 13:22,2026-07-10,29440,Put,1,1.80,1.78,Bull-Put - Long,,,,,,,NDX-50BPS,,
NDX,,2026-07-13 13:22,2026-07-13,28950,Put,-1,2.10,1.78,Bull-Put - Short,,,,,,,NDX-50BPS,2.15,0.0298
NDX,,2026-07-13 13:22,2026-07-13,28900,Put,1,1.70,1.78,Bull-Put - Long,,,,,,,NDX-50BPS,,
SPX,,2026-07-14 09:33,2026-09-30,7395,Put,2,141.21,2.66,Lower Wing,,,,,,,SPX-PBW-55-35,,
SPX,,2026-07-14 09:33,2026-09-30,7450,Put,-4,156.69,5.32,Body,,,,,,,SPX-PBW-55-35,,0.3872
SPX,,2026-07-14 09:33,2026-09-30,7485,Put,2,167.62,2.66,Upper Wing,,,,,,,SPX-PBW-55-35,,
NDX,,2026-07-14 13:23,2026-07-14,29290,Put,-1,1.75,1.78,Bull-Put - Short,,,,,,,NDX-50BPS,1.95,0.0300
NDX,,2026-07-14 13:23,2026-07-14,29240,Put,1,1.45,1.78,Bull-Put - Long,,,,,,,NDX-50BPS,,
NDX,,2026-07-15 13:22,2026-07-15,29030,Put,-1,1.79,1.78,Bull-Put - Short,,,,,,,NDX-50BPS,1.85,0.0246
NDX,,2026-07-15 13:22,2026-07-15,28980,Put,1,1.47,1.78,Bull-Put - Long,,,,,,,NDX-50BPS,,
NDX,,2026-07-16 13:20,2026-07-16,28720,Put,-1,1.52,1.78,Bull-Put - Short,,,,,,,NDX-50BPS,1.48,0.0226
NDX,,2026-07-16 13:20,2026-07-16,28670,Put,1,1.08,1.78,Bull-Put - Long,,,,,,,NDX-50BPS,,
NDX,,2026-07-17 13:20,2026-07-17,28350,Put,-1,2.32,1.78,Bull-Put - Short,,,,,,,NDX-50BPS,2.10,0.0196
NDX,,2026-07-17 13:20,2026-07-17,28300,Put,1,1.94,1.78,Bull-Put - Long,,,,,,,NDX-50BPS,,
NDX,,2026-07-20 13:22,2026-07-20,28380,Put,-1,1.67,1.78,Bull-Put - Short,,,,,,,NDX-50BPS,2.23,0.0243
NDX,,2026-07-20 13:22,2026-07-20,28330,Put,1,1.37,1.78,Bull-Put - Long,,,,,,,NDX-50BPS,,
SPX,,2026-07-21 09:32,2026-09-30,7350,Put,2,135.95,2.66,Lower Wing,,,,,,,SPX-PBW-55-35,,
SPX,,2026-07-21 09:32,2026-09-30,7405,Put,-4,151.00,5.32,Body,,,,,,,SPX-PBW-55-35,,0.3929
SPX,,2026-07-21 09:32,2026-09-30,7440,Put,2,161.65,2.66,Upper Wing,,,,,,,SPX-PBW-55-35,,
NDX,,2026-07-21 13:22,2026-07-21,28810,Put,-1,2.39,1.78,Bull-Put - Short,,,,,,,NDX-50BPS,2.52,0.0336
NDX,,2026-07-21 13:22,2026-07-21,28760,Put,1,2.01,1.78,Bull-Put - Long,,,,,,,NDX-50BPS,,
NDX,,2026-07-23 13:23,2026-07-23,28110,Put,-1,1.40,1.78,Bull-Put - Short,,,,,,,NDX-50BPS,1.43,0.0227
NDX,,2026-07-23 13:23,2026-07-23,28060,Put,1,1.00,1.78,Bull-Put - Long,,,,,,,NDX-50BPS,,
NDX,,2026-07-24 13:22,2026-07-24,27980,Put,-1,1.58,1.78,Bull-Put - Short,,,,,,,NDX-50BPS,1.68,0.0250
NDX,,2026-07-24 13:22,2026-07-24,27930,Put,1,1.10,1.78,Bull-Put - Long,,,,,,,NDX-50BPS,,
NDX,,2026-07-28 13:21,2026-07-28,27520,Put,-1,1.51,1.78,Bull-Put - Short,,,,,,,NDX-50BPS,1.52,0.0197
NDX,,2026-07-28 13:21,2026-07-28,27470,Put,1,1.07,1.78,Bull-Put - Long,,,,,,,NDX-50BPS,,
NDX,,2026-07-30 13:21,2026-07-30,27580,Put,-1,2.22,1.78,Bull-Put - Short,,,,,,,NDX-50BPS,2.75,0.0246
NDX,,2026-07-30 13:21,2026-07-30,27530,Put,1,1.84,1.78,Bull-Put - Long,,,,,,,NDX-50BPS,,
SPX,,2026-07-30 14:15,2026-07-30,7420,Put,-2,4.25,2.66,Bull-Put - Short,,,,,,,SPX-10BPS,4.35,0.3817
SPX,,2026-07-30 14:15,2026-07-30,7410,Put,2,2.20,2.66,Bull-Put - Long,,,,,,,SPX-10BPS,,
NDX,,2026-07-31 13:20,2026-07-31,27810,Put,-1,1.76,1.78,Bull-Put - Short,,,,,,,NDX-50BPS,1.85,0.0193
NDX,,2026-07-31 13:20,2026-07-31,27760,Put,1,1.44,1.78,Bull-Put - Long,,,,,,,NDX-50BPS,,
SPX,,2026-08-04 09:33,2026-10-16,7510,Put,2,128.07,2.66,Lower Wing,,,,,,,SPX-PBW-55-35,,
SPX,,2026-08-04 09:33,2026-10-16,7565,Put,-4,143.67,5.32,Body,,,,,,,SPX-PBW-55-35,,0.3918
SPX,,2026-08-04 09:33,2026-10-16,7600,Put,2,154.82,2.66,Upper Wing,,,,,,,SPX-PBW-55-35,,
NDX,,2026-08-04 13:22,2026-08-04,29220,Put,-1,1.85,1.78,Bull-Put - Short,,,,,,,NDX-50BPS,1.90,0.0239
NDX,,2026-08-04 13:22,2026-08-04,29170,Put,1,1.55,1.78,Bull-Put - Long,,,,,,,NDX-50BPS,,
SPX,,2026-08-04 14:15,2026-08-04,7735,Put,-2,4.13,2.66,Bull-Put - Short,,,,,,,SPX-10BPS,4.75,0.3593
SPX,,2026-08-04 14:15,2026-08-04,7725,Put,2,2.23,2.66,Bull-Put - Long,,,,,,,SPX-10BPS,,
NDX,,2026-08-05 13:22,2026-08-05,29260,Put,-1,1.70,1.78,Bull-Put - Short,,,,,,,NDX-50BPS,1.70,0.0236
NDX,,2026-08-05 13:22,2026-08-05,29210,Put,1,1.32,1.78,Bull-Put - Long,,,,,,,NDX-50BPS,,
NDX,,2026-08-06 13:21,2026-08-06,29030,Put,-1,1.49,1.53,Bull-Put - Short,,,,,,,NDX-50BPS,1.57,0.0240
NDX,,2026-08-06 13:21,2026-08-06,28980,Put,1,1.15,1.53,Bull-Put - Long,,,,,,,NDX-50BPS,,
NDX,,2026-08-07 13:23,2026-08-07,29340,Put,-1,1.85,1.78,Bull-Put - Short,,,,,,,NDX-50BPS,1.88,0.0313
NDX,,2026-08-07 13:23,2026-08-07,29290,Put,1,1.45,1.78,Bull-Put - Long,,,,,,,NDX-50BPS,,
SPX,,2026-08-11 09:32,2026-10-30,7625,Put,2,142.95,2.66,Lower Wing,,,,,,,SPX-PBW-55-35,,
SPX,,2026-08-11 09:32,2026-10-30,7680,Put,-4,159.15,5.32,Body,,,,,,,SPX-PBW-55-35,,0.3857
SPX,,2026-08-11 09:32,2026-10-30,7715,Put,2,170.60,2.66,Upper Wing,,,,,,,SPX-PBW-55-35,,
SPX,,2026-08-13 14:15,2026-08-13,7790,Put,-2,2.41,2.66,Bull-Put - Short,,,,,,,SPX-10BPS,2.62,0.3220
SPX,,2026-08-13 14:15,2026-08-13,7780,Put,2,0.81,2.48,Bull-Put - Long,,,,,,,SPX-10BPS,,
SPX,,2026-08-18 09:33,2026-10-30,7575,Put,2,135.16,2.66,Lower Wing,,,,,,,SPX-PBW-55-35,,
SPX,,2026-08-18 09:33,2026-10-30,7630,Put,-4,150.69,5.32,Body,,,,,,,SPX-PBW-55-35,,0.3889
SPX,,2026-08-18 09:33,2026-10-30,7665,Put,2,161.77,2.66,Upper Wing,,,,,,,SPX-PBW-55-35,,
NDX,,2026-08-18 13:23,2026-08-18,29270,Put,-1,1.40,1.78,Bull-Put - Short,,,,,,,NDX-50BPS,1.48,0.0287
NDX,,2026-08-18 13:23,2026-08-18,29220,Put,1,1.00,1.78,Bull-Put - Long,,,,,,,NDX-50BPS,,
